residue,B,C,E,G,T
0,0.0,0.9999833333333333,0.0,0.0,1.6666666666666667e-05
1,5e-05,0.6169,0.38276666666666664,0.0,0.00028333333333333335
2,0.0,0.03283333333333333,0.9669666666666666,0.0,0.0002
3,0.0,0.0003333333333333333,0.9995833333333334,0.0,8.333333333333333e-05
4,0.0,0.00025,0.99975,0.0,0.0
5,0.0,0.0004333333333333333,0.9815333333333334,0.0,0.018033333333333332
6,0.0,0.0,0.0,0.07586666666666667,0.9241333333333334
7,0.0,0.0,0.0,0.07586666666666667,0.9241333333333334
8,0.0,0.0,0.0,0.07586666666666667,0.9241333333333334
9,0.0,0.07565,0.0,0.0,0.92435
10,0.0,0.0184,0.9815333333333334,0.0,6.666666666666667e-05
11,0.0,0.00025,0.99975,0.0,0.0
12,0.0,0.0004166666666666667,0.9995833333333334,0.0,0.0
13,1.6666666666666667e-05,0.033,0.9669666666666666,0.0,1.6666666666666667e-05
14,5e-05,0.6162833333333333,0.38276666666666664,0.0,0.0009
15,0.0,0.999,0.0,0.0,0.001
